{
  "hash": "c34a2de2",
  "configHash": "93f6261f",
  "lockfileHash": "c76d6ffc",
  "browserHash": "c62b0b56",
  "optimized": {
    "@angular/common": {
      "src": "../../../../../../node_modules/@angular/common/fesm2022/common.mjs",
      "file": "@angular_common.js",
      "fileHash": "1362f393",
      "needsInterop": false
    },
    "@angular/core": {
      "src": "../../../../../../node_modules/@angular/core/fesm2022/core.mjs",
      "file": "@angular_core.js",
      "fileHash": "062731c9",
      "needsInterop": false
    },
    "@angular/forms": {
      "src": "../../../../../../node_modules/@angular/forms/fesm2022/forms.mjs",
      "file": "@angular_forms.js",
      "fileHash": "7646cdcc",
      "needsInterop": false
    },
    "@angular/platform-browser": {
      "src": "../../../../../../node_modules/@angular/platform-browser/fesm2022/platform-browser.mjs",
      "file": "@angular_platform-browser.js",
      "fileHash": "493cc53a",
      "needsInterop": false
    },
    "@angular/router": {
      "src": "../../../../../../node_modules/@angular/router/fesm2022/router.mjs",
      "file": "@angular_router.js",
      "fileHash": "1a15eeaf",
      "needsInterop": false
    }
  },
  "chunks": {
    "chunk-XNKCPBKV": {
      "file": "chunk-XNKCPBKV.js"
    },
    "chunk-ERFYUBXR": {
      "file": "chunk-ERFYUBXR.js"
    },
    "chunk-KCPRO6DA": {
      "file": "chunk-KCPRO6DA.js"
    }
  }
}