{
  "hash": "25c6b060",
  "configHash": "a674e807",
  "lockfileHash": "da01e204",
  "browserHash": "bc3a1d55",
  "optimized": {
    "@angular/core": {
      "src": "../../../../../../node_modules/@angular/core/fesm2022/core.mjs",
      "file": "@angular_core.js",
      "fileHash": "5b7c7428",
      "needsInterop": false
    },
    "@angular/platform-browser": {
      "src": "../../../../../../node_modules/@angular/platform-browser/fesm2022/platform-browser.mjs",
      "file": "@angular_platform-browser.js",
      "fileHash": "1a9125fd",
      "needsInterop": false
    },
    "@angular/router": {
      "src": "../../../../../../node_modules/@angular/router/fesm2022/router.mjs",
      "file": "@angular_router.js",
      "fileHash": "4a277deb",
      "needsInterop": false
    }
  },
  "chunks": {
    "chunk-HFHG6J4W": {
      "file": "chunk-HFHG6J4W.js"
    },
    "chunk-Q43E34LM": {
      "file": "chunk-Q43E34LM.js"
    }
  }
}