{
  "hash": "23edf247",
  "configHash": "6e038d0a",
  "lockfileHash": "9ed88e48",
  "browserHash": "f5e1d2a3",
  "optimized": {
    "@angular/common": {
      "src": "../../../../../../node_modules/@angular/common/fesm2022/common.mjs",
      "file": "@angular_common.js",
      "fileHash": "defa8a68",
      "needsInterop": false
    },
    "@angular/core": {
      "src": "../../../../../../node_modules/@angular/core/fesm2022/core.mjs",
      "file": "@angular_core.js",
      "fileHash": "9bb549eb",
      "needsInterop": false
    },
    "@angular/platform-browser": {
      "src": "../../../../../../node_modules/@angular/platform-browser/fesm2022/platform-browser.mjs",
      "file": "@angular_platform-browser.js",
      "fileHash": "e0da4444",
      "needsInterop": false
    },
    "@angular/router": {
      "src": "../../../../../../node_modules/@angular/router/fesm2022/router.mjs",
      "file": "@angular_router.js",
      "fileHash": "3e2e9ac2",
      "needsInterop": false
    }
  },
  "chunks": {
    "chunk-IOFYIAJF": {
      "file": "chunk-IOFYIAJF.js"
    },
    "chunk-TQR3GDWE": {
      "file": "chunk-TQR3GDWE.js"
    },
    "chunk-HCNZ5MW6": {
      "file": "chunk-HCNZ5MW6.js"
    }
  }
}