{
  "hash": "6462ba45",
  "configHash": "e951420d",
  "lockfileHash": "8bd268a7",
  "browserHash": "b9bb8db7",
  "optimized": {
    "@angular/core": {
      "src": "../../../../../../node_modules/@angular/core/fesm2022/core.mjs",
      "file": "@angular_core.js",
      "fileHash": "5f455542",
      "needsInterop": false
    },
    "@angular/forms": {
      "src": "../../../../../../node_modules/@angular/forms/fesm2022/forms.mjs",
      "file": "@angular_forms.js",
      "fileHash": "eb1b674b",
      "needsInterop": false
    },
    "@angular/platform-browser": {
      "src": "../../../../../../node_modules/@angular/platform-browser/fesm2022/platform-browser.mjs",
      "file": "@angular_platform-browser.js",
      "fileHash": "3fca519e",
      "needsInterop": false
    },
    "@angular/platform-server": {
      "src": "../../../../../../node_modules/@angular/platform-server/fesm2022/platform-server.mjs",
      "file": "@angular_platform-server.js",
      "fileHash": "3ab36f0a",
      "needsInterop": false
    },
    "@angular/router": {
      "src": "../../../../../../node_modules/@angular/router/fesm2022/router.mjs",
      "file": "@angular_router.js",
      "fileHash": "68722e3a",
      "needsInterop": false
    }
  },
  "chunks": {
    "chunk-NDKHHYWB": {
      "file": "chunk-NDKHHYWB.js"
    },
    "chunk-7JHLHB45": {
      "file": "chunk-7JHLHB45.js"
    },
    "chunk-LYEFE4ZA": {
      "file": "chunk-LYEFE4ZA.js"
    },
    "xhr2-ZHE5GDFW": {
      "file": "xhr2-ZHE5GDFW.js"
    },
    "chunk-NQ4HTGF6": {
      "file": "chunk-NQ4HTGF6.js"
    }
  }
}