{
  "hash": "6e3dc8b8",
  "configHash": "90ec6c25",
  "lockfileHash": "da01e204",
  "browserHash": "9fc533b7",
  "optimized": {
    "@angular/core": {
      "src": "../../../../../../node_modules/@angular/core/fesm2022/core.mjs",
      "file": "@angular_core.js",
      "fileHash": "502f0fa9",
      "needsInterop": false
    },
    "@angular/platform-browser": {
      "src": "../../../../../../node_modules/@angular/platform-browser/fesm2022/platform-browser.mjs",
      "file": "@angular_platform-browser.js",
      "fileHash": "a24b2bc4",
      "needsInterop": false
    },
    "@angular/platform-server": {
      "src": "../../../../../../node_modules/@angular/platform-server/fesm2022/platform-server.mjs",
      "file": "@angular_platform-server.js",
      "fileHash": "e4414389",
      "needsInterop": false
    },
    "@angular/router": {
      "src": "../../../../../../node_modules/@angular/router/fesm2022/router.mjs",
      "file": "@angular_router.js",
      "fileHash": "8e80fff9",
      "needsInterop": false
    }
  },
  "chunks": {
    "chunk-SFYPIURG": {
      "file": "chunk-SFYPIURG.js"
    },
    "chunk-FFTR6CGP": {
      "file": "chunk-FFTR6CGP.js"
    },
    "xhr2-ZHE5GDFW": {
      "file": "xhr2-ZHE5GDFW.js"
    },
    "chunk-NQ4HTGF6": {
      "file": "chunk-NQ4HTGF6.js"
    }
  }
}