{
  "hash": "c36f51b8",
  "configHash": "d99b34e0",
  "lockfileHash": "c76d6ffc",
  "browserHash": "2230a7ab",
  "optimized": {
    "@angular/common": {
      "src": "../../../../../../node_modules/@angular/common/fesm2022/common.mjs",
      "file": "@angular_common.js",
      "fileHash": "2015666b",
      "needsInterop": false
    },
    "@angular/core": {
      "src": "../../../../../../node_modules/@angular/core/fesm2022/core.mjs",
      "file": "@angular_core.js",
      "fileHash": "f6beb4da",
      "needsInterop": false
    },
    "@angular/forms": {
      "src": "../../../../../../node_modules/@angular/forms/fesm2022/forms.mjs",
      "file": "@angular_forms.js",
      "fileHash": "27bfafec",
      "needsInterop": false
    },
    "@angular/platform-browser": {
      "src": "../../../../../../node_modules/@angular/platform-browser/fesm2022/platform-browser.mjs",
      "file": "@angular_platform-browser.js",
      "fileHash": "e54e95ef",
      "needsInterop": false
    },
    "@angular/platform-server": {
      "src": "../../../../../../node_modules/@angular/platform-server/fesm2022/platform-server.mjs",
      "file": "@angular_platform-server.js",
      "fileHash": "f2f8ae15",
      "needsInterop": false
    },
    "@angular/router": {
      "src": "../../../../../../node_modules/@angular/router/fesm2022/router.mjs",
      "file": "@angular_router.js",
      "fileHash": "bb1a8636",
      "needsInterop": false
    }
  },
  "chunks": {
    "chunk-E7EIUVKF": {
      "file": "chunk-E7EIUVKF.js"
    },
    "chunk-T6OEZ3QT": {
      "file": "chunk-T6OEZ3QT.js"
    },
    "chunk-FFTR6CGP": {
      "file": "chunk-FFTR6CGP.js"
    },
    "xhr2-ZHE5GDFW": {
      "file": "xhr2-ZHE5GDFW.js"
    },
    "chunk-NQ4HTGF6": {
      "file": "chunk-NQ4HTGF6.js"
    }
  }
}