{
  "hash": "f0de9e1d",
  "configHash": "6e050f23",
  "lockfileHash": "3ed9ab3b",
  "browserHash": "8af319ad",
  "optimized": {
    "@angular/core": {
      "src": "../../../../../../node_modules/@angular/core/fesm2022/core.mjs",
      "file": "@angular_core.js",
      "fileHash": "0f9569a6",
      "needsInterop": false
    },
    "@angular/platform-browser": {
      "src": "../../../../../../node_modules/@angular/platform-browser/fesm2022/platform-browser.mjs",
      "file": "@angular_platform-browser.js",
      "fileHash": "5cd76384",
      "needsInterop": false
    },
    "@angular/router": {
      "src": "../../../../../../node_modules/@angular/router/fesm2022/router.mjs",
      "file": "@angular_router.js",
      "fileHash": "febac440",
      "needsInterop": false
    },
    "@angular/common": {
      "src": "../../../../../../node_modules/@angular/common/fesm2022/common.mjs",
      "file": "@angular_common.js",
      "fileHash": "14cedd38",
      "needsInterop": false
    }
  },
  "chunks": {
    "chunk-GZYFUQLV": {
      "file": "chunk-GZYFUQLV.js"
    },
    "chunk-RBCWFGXD": {
      "file": "chunk-RBCWFGXD.js"
    },
    "chunk-Q43E34LM": {
      "file": "chunk-Q43E34LM.js"
    }
  }
}