{
  "hash": "f7e44b81",
  "configHash": "aa15e88d",
  "lockfileHash": "8bd268a7",
  "browserHash": "95095136",
  "optimized": {
    "@angular/core": {
      "src": "../../../../../../node_modules/@angular/core/fesm2022/core.mjs",
      "file": "@angular_core.js",
      "fileHash": "7598e938",
      "needsInterop": false
    },
    "@angular/forms": {
      "src": "../../../../../../node_modules/@angular/forms/fesm2022/forms.mjs",
      "file": "@angular_forms.js",
      "fileHash": "a03251cf",
      "needsInterop": false
    },
    "@angular/platform-browser": {
      "src": "../../../../../../node_modules/@angular/platform-browser/fesm2022/platform-browser.mjs",
      "file": "@angular_platform-browser.js",
      "fileHash": "55d18d41",
      "needsInterop": false
    },
    "@angular/router": {
      "src": "../../../../../../node_modules/@angular/router/fesm2022/router.mjs",
      "file": "@angular_router.js",
      "fileHash": "ccf1c10d",
      "needsInterop": false
    }
  },
  "chunks": {
    "chunk-Z45P76UV": {
      "file": "chunk-Z45P76UV.js"
    },
    "chunk-SBFKHH4E": {
      "file": "chunk-SBFKHH4E.js"
    },
    "chunk-QSH3M5PS": {
      "file": "chunk-QSH3M5PS.js"
    }
  }
}