{
  "hash": "c23b9a08",
  "configHash": "257feb6a",
  "lockfileHash": "9ed88e48",
  "browserHash": "9a75d29c",
  "optimized": {
    "@angular/common": {
      "src": "../../../../../../node_modules/@angular/common/fesm2022/common.mjs",
      "file": "@angular_common.js",
      "fileHash": "a73b4e2d",
      "needsInterop": false
    },
    "@angular/core": {
      "src": "../../../../../../node_modules/@angular/core/fesm2022/core.mjs",
      "file": "@angular_core.js",
      "fileHash": "17e4d5c6",
      "needsInterop": false
    },
    "@angular/platform-browser": {
      "src": "../../../../../../node_modules/@angular/platform-browser/fesm2022/platform-browser.mjs",
      "file": "@angular_platform-browser.js",
      "fileHash": "8a01b201",
      "needsInterop": false
    },
    "@angular/platform-server": {
      "src": "../../../../../../node_modules/@angular/platform-server/fesm2022/platform-server.mjs",
      "file": "@angular_platform-server.js",
      "fileHash": "42cb534f",
      "needsInterop": false
    },
    "@angular/router": {
      "src": "../../../../../../node_modules/@angular/router/fesm2022/router.mjs",
      "file": "@angular_router.js",
      "fileHash": "1dd8bf5e",
      "needsInterop": false
    }
  },
  "chunks": {
    "chunk-7JWLN3BQ": {
      "file": "chunk-7JWLN3BQ.js"
    },
    "chunk-WPY4FBL4": {
      "file": "chunk-WPY4FBL4.js"
    },
    "chunk-77RZBIYQ": {
      "file": "chunk-77RZBIYQ.js"
    },
    "xhr2-ISERFGGE": {
      "file": "xhr2-ISERFGGE.js"
    },
    "chunk-NQ4HTGF6": {
      "file": "chunk-NQ4HTGF6.js"
    }
  }
}